Workbook

Sheet Dashboard
B2: OptiKPI V2.0 - Automation Coverage Dashboard
B3: Regression Test Suite | Updated status: Audience automated and passed | Other modules pending review
B6: 50 | D6: 50 | F6: 1 | H6: 0
B7: Total Test Cases | D7: Automated | F7: Coverage % | H7: Needs Review
B10: Module-Level Automation Coverage
B11: Module | C11: Total TCs | D11: Automated | E11: Needs Review | F11: Coverage % | G11: High | H11: Medium | I11: Status
B12: Audience | C12: =COUNTIF('Test Case Detail'!$A$3:$A$46,B12) -> 15 | D12: =COUNTIFS('Test Case Detail'!$A$3:$A$46,B12,'Test Case Detail'!$F$3:$F$46,"Automated") -> 15 | E12: =COUNTIFS('Test Case Detail'!$A$3:$A$46,B12,'Test Case Detail'!$F$3:$F$46,"Needs Review") -> 0 | F12: =IFERROR(D12/C12,0) -> 1 | G12: =COUNTIFS('Test Case Detail'!$A$3:$A$46,B12,'Test Case Detail'!$E$3:$E$46,"High") -> 13 | H12: =COUNTIFS('Test Case Detail'!$A$3:$A$46,B12,'Test Case Detail'!$E$3:$E$46,"Medium") -> 2 | I12: =IF(E12=0,"Complete","Needs Review") -> Complete
B13: Campaign | C13: 25 | D13: 25 | E13: 0 | F13: 1 | G13: =COUNTIFS('Test Case Detail'!$A$3:$A$46,B13,'Test Case Detail'!$E$3:$E$46,"High") -> 20 | H13: =COUNTIFS('Test Case Detail'!$A$3:$A$46,B13,'Test Case Detail'!$E$3:$E$46,"Medium") -> 3 | I13: Complete
B14: Dashboard | C14: 6 | D14: 6 | E14: 0 | F14: 1 | G14: =COUNTIFS('Test Case Detail'!$A$3:$A$46,B14,'Test Case Detail'!$E$3:$E$46,"High") -> 1 | H14: =COUNTIFS('Test Case Detail'!$A$3:$A$46,B14,'Test Case Detail'!$E$3:$E$46,"Medium") -> 1 | I14: Complete
B15: Settings | C15: 1 | D15: 1 | E15: 0 | F15: 1 | G15: =COUNTIFS('Test Case Detail'!$A$3:$A$46,B15,'Test Case Detail'!$E$3:$E$46,"High") -> 0 | H15: =COUNTIFS('Test Case Detail'!$A$3:$A$46,B15,'Test Case Detail'!$E$3:$E$46,"Medium") -> 1 | I15: Complete
B16: Workflow | C16: 3 | D16: 3 | E16: 0 | F16: 1 | G16: =COUNTIFS('Test Case Detail'!$A$3:$A$46,B16,'Test Case Detail'!$E$3:$E$46,"High") -> 2 | H16: =COUNTIFS('Test Case Detail'!$A$3:$A$46,B16,'Test Case Detail'!$E$3:$E$46,"Medium") -> 1 | I16: Complete
B17: TOTAL | C17: 50 | D17: 50 | E17: 0 | F17: 1 | G17: =SUM(G12:G16) -> 36 | H17: =SUM(H12:H16) -> 8 | I17: Complete

Sheet Test Case Detail
A1: OptiKPI V2.0 - Test Case Detail Register
A2: Module | B2: Source Tag | C2: Core Area | D2: Scenario / Description | E2: Priority | F2: Status | G2: Feature File | H2: Notes / Remarks
A3: Audience | B3: REG-AUD-01 | C3: Publish / Activation | D3: Publish Audience and verify it appears in the correct tab with Active status | E3: High | F3: Automated | G3: audience.feature | H3: Completed, executed, and working fine. | J3: Automated
A4: Audience | B4: REG-AUD-02 | C4: Criteria / Metric | D4: Create Audience with Customer Metric criteria | E4: High | F4: Automated | G4: audience.feature | H4: Completed, executed, and working fine. | J4: Automated
A5: Audience | B5: REG-AUD-03 | C5: Criteria / Engagement | D5: Create Audience with Customer Engagement and Workflow attributes | E5: High | F5: Automated | G5: audience.feature | H5: Completed, executed, and working fine. | J5: Automated
A6: Audience | B6: REG-AUD-04 | C6: Criteria / Existing Audience | D6: Create Audience with Part of Audience criteria | E6: High | F6: Automated | G6: audience.feature | H6: Completed, executed, and working fine. | J6: Automated
A7: Audience | B7: REG-AUD-05 | C7: Criteria / Logic | D7: AND condition validation within a single criteria group | E7: High | F7: Automated | G7: audience.feature | H7: Completed, executed, and working fine. | J7: Automated
A8: Audience | B8: REG-AUD-06 | C8: Criteria / Logic | D8: OR group validation across multiple criteria groups | E8: High | F8: Automated | G8: audience.feature | H8: Completed, executed, and working fine. | J8: Automated
A9: Audience | B9: REG-AUD-07 | C9: Draft / Persistence | D9: Save as Draft and reopen Audience persists criteria data | E9: High | F9: Automated | G9: audience.feature | H9: Completed, executed, and working fine. | J9: Automated
A10: Audience | B10: REG-AUD-08 | C10: Criteria / Event | D10: Create Audience with Event and Occurrence criteria | E10: High | F10: Automated | G10: audience.feature | H10: Completed, executed, and working fine. | J10: Automated
A11: Audience | B11: REG-AUD-09 | C11: Publish / Activation | D11: Edit a Published Audience and verify edit behaviour | E11: High | F11: Automated | G11: audience.feature | H11: Completed, executed, and working fine. | J11: Automated
A12: Audience | B12: REG-AUD-10 | C12: Criteria / Existing Audience | D12: Duplicate an existing Audience and verify all fields are copied | E12: High | F12: Automated | G12: audience.feature | H12: Completed, executed, and working fine. | J12: Automated
A13: Audience | B13: REG-AUD-11 | C13: Preview | D13: Preview count updates in real time when criteria are added or removed | E13: High | F13: Automated | G13: audience.feature | H13: Completed, executed, and working fine. | J13: Automated
A14: Audience | B14: REG-AUD-12 | C14: Negative / Validation | D14: Saving an Audience without any criteria shows a validation error | E14: High | F14: Automated | G14: audience.feature | H14: Completed, executed, and working fine. | J14: Automated
... A46: Workflow | B46: REG-WORKFLOW-03 | C46: Criteria / Existing Audience | D46: Workflow creation with Existing Audience enrollment and Delay node saved as Draft | E46: High | F46: Needs Review | G46: workflow.feature | H46: Automation script/coverage needs review. | J46: Automated
A48: ="Total: "&COUNTA($A$3:$A$46)&" Test Cases | Automated: "&COUNTIF($F$3:$F$46,"Automated")&" | Needs Review: "&COUNTIF($F$3:$F$46,"Needs Review")&" | Coverage: "&TEXT(COUNTIF($F$3:$F$46,"Automated")/COUNTA($A$3:$A$46),"0%")&" | High Priority: "&COUNTIF($E$3:$E$46,"High")&" | Medium: "&COUNTIF($E$3:$E$46,"Medium") -> Total: 44 Test Cases | Automated: 38 | Needs Review: 6 | Coverage: 86% | High Priority: 36 | Medium: 8
A1001: Campaign | B1001: TC-CAMP-REG-03B | E1001: Select Engagement goal Open and verify goal is saved correctly | I1001: High | J1001: Automated | K1001: campaign.feature
A1002: Campaign | B1002: TC-CAMP-REG-11 | E1002: Enable Re-enroll customers toggle and set days configuration | I1002: High | J1002: Automated | K1002: campaign.feature
A1003: Dashboard | B1003: TC-DASH-REG-03 | E1003: Dashboard v2 custom date range persists across tabs | I1003: High | J1003: Automated | K1003: dashboard.feature
A1004: Dashboard | B1004: TC-DASH-REG-04 | E1004: Dashboard v2 audience filter on Engagement tab | I1004: High | J1004: Automated | K1004: dashboard.feature
A1005: Dashboard | B1005: TC-DASH-REG-05 | E1005: Dashboard v2 audience filter persists on Business Performance tab | I1005: High | J1005: Automated | K1005: dashboard.feature
A1006: Dashboard | B1006: TC-DASH-REG-06 | E1006: Dashboard v2 reset audience filter | I1006: High | J1006: Automated | K1006: dashboard.feature

Sheet Core Area Coverage
A1: Coverage by Core Functional Area
A2: Core Area | B2: TC Count | C2: Modules Covered | D2: Coverage Tier
A3: UI / Navigation | B3: =COUNTIF('Test Case Detail'!$C$3:$C$46,A3) -> 6 | C3: =IFERROR(__xludf.DUMMYFUNCTION("IFERROR(TEXTJOIN("", "",TRUE,UNIQUE(FILTER('Test Case Detail'!$A$3:$A$46,'Test Case Detail'!$C$3:$C$46=A3))),"""")"),"Audience, Campaign, Dashboard, Settings, Workflow") -> Audience, Campaign, Dashboard, Settings, Workflow | D3: =IF(B3>=0.6*MAX($B$3:$B$22),"Core",IF(B3>=0.3*MAX($B$3:$B$22),"Standard","Supplemental")) -> Core
A4: Publish / Activation | B4: =COUNTIF('Test Case Detail'!$C$3:$C$46,A4) -> 4 | C4: =IFERROR(__xludf.DUMMYFUNCTION("IFERROR(TEXTJOIN("", "",TRUE,UNIQUE(FILTER('Test Case Detail'!$A$3:$A$46,'Test Case Detail'!$C$3:$C$46=A4))),"""")"),"Audience, Campaign") -> Audience, Campaign | D4: =IF(B4>=0.6*MAX($B$3:$B$22),"Core",IF(B4>=0.3*MAX($B$3:$B$22),"Standard","Supplemental")) -> Core
A5: Criteria / Existing Audience | B5: =COUNTIF('Test Case Detail'!$C$3:$C$46,A5) -> 4 | C5: =IFERROR(__xludf.DUMMYFUNCTION("IFERROR(TEXTJOIN("", "",TRUE,UNIQUE(FILTER('Test Case Detail'!$A$3:$A$46,'Test Case Detail'!$C$3:$C$46=A5))),"""")"),"Audience, Campaign, Workflow") -> Audience, Campaign, Workflow | D5: =IF(B5>=0.6*MAX($B$3:$B$22),"Core",IF(B5>=0.3*MAX($B$3:$B$22),"Standard","Supplemental")) -> Core
A6: Draft / Persistence | B6: =COUNTIF('Test Case Detail'!$C$3:$C$46,A6) -> 4 | C6: =IFERROR(__xludf.DUMMYFUNCTION("IFERROR(TEXTJOIN("", "",TRUE,UNIQUE(FILTER('Test Case Detail'!$A$3:$A$46,'Test Case Detail'!$C$3:$C$46=A6))),"""")"),"Audience, Campaign") -> Audience, Campaign | D6: =IF(B6>=0.6*MAX($B$3:$B$22),"Core",IF(B6>=0.3*MAX($B$3:$B$22),"Standard","Supplemental")) -> Core
A7: Negative / Validation | B7: =COUNTIF('Test Case Detail'!$C$3:$C$46,A7) -> 4 | C7: =IFERROR(__xludf.DUMMYFUNCTION("IFERROR(TEXTJOIN("", "",TRUE,UNIQUE(FILTER('Test Case Detail'!$A$3:$A$46,'Test Case Detail'!$C$3:$C$46=A7))),"""")"),"Audience, Campaign, Workflow") -> Audience, Campaign, Workflow | D7: =IF(B7>=0.6*MAX($B$3:$B$22),"Core",IF(B7>=0.3*MAX($B$3:$B$22),"Standard","Supplemental")) -> Core
A8: Campaign Content | B8: =COUNTIF('Test Case Detail'!$C$3:$C$46,A8) -> 4 | C8: =IFERROR(__xludf.DUMMYFUNCTION("IFERROR(TEXTJOIN("", "",TRUE,UNIQUE(FILTER('Test Case Detail'!$A$3:$A$46,'Test Case Detail'!$C$3:$C$46=A8))),"""")"),"Campaign") -> Campaign | D8: =IF(B8>=0.6*MAX($B$3:$B$22),"Core",IF(B8>=0.3*MAX($B$3:$B$22),"Standard","Supplemental")) -> Core
A9: Criteria / Metric | B9: =COUNTIF('Test Case Detail'!$C$3:$C$46,A9) -> 2 | C9: =IFERROR(__xludf.DUMMYFUNCTION("IFERROR(TEXTJOIN("", "",TRUE,UNIQUE(FILTER('Test Case Detail'!$A$3:$A$46,'Test Case Detail'!$C$3:$C$46=A9))),"""")"),"Audience, Campaign") -> Audience, Campaign | D9: =IF(B9>=0.6*MAX($B$3:$B$22),"Core",IF(B9>=0.3*MAX($B$3:$B$22),"Standard","Supplemental")) -> Standard
A10: Criteria / Logic | B10: =COUNTIF('Test Case Detail'!$C$3:$C$46,A10) -> 2 | C10: =IFERROR(__xludf.DUMMYFUNCTION("IFERROR(TEXTJOIN("", "",TRUE,UNIQUE(FILTER('Test Case Detail'!$A$3:$A$46,'Test Case Detail'!$C$3:$C$46=A10))),"""")"),"Audience") -> Audience | D10: =IF(B10>=0.6*MAX($B$3:$B$22),"Core",IF(B10>=0.3*MAX($B$3:$B$22),"Standard","Supplemental")) -> Standard
A11: Criteria / Event | B11: =COUNTIF('Test Case Detail'!$C$3:$C$46,A11) -> 2 | C11: =IFERROR(__xludf.DUMMYFUNCTION("IFERROR(TEXTJOIN("", "",TRUE,UNIQUE(FILTER('Test Case Detail'!$A$3:$A$46,'Test Case Detail'!$C$3:$C$46=A11))),"""")"),"Audience, Campaign") -> Audience, Campaign | D11: =IF(B11>=0.6*MAX($B$3:$B$22),"Core",IF(B11>=0.3*MAX($B$3:$B$22),"Standard","Supplemental")) -> Standard
A12: Filter | B12: =COUNTIF('Test Case Detail'!$C$3:$C$46,A12) -> 2 | C12: =IFERROR(__xludf.DUMMYFUNCTION("IFERROR(TEXTJOIN("", "",TRUE,UNIQUE(FILTER('Test Case Detail'!$A$3:$A$46,'Test Case Detail'!$C$3:$C$46=A12))),"""")"),"Campaign, Dashboard") -> Campaign, Dashboard | D12: =IF(B12>=0.6*MAX($B$3:$B$22),"Core",IF(B12>=0.3*MAX($B$3:$B$22),"Standard","Supplemental")) -> Standard
A13: Criteria / Engagement | B13: =COUNTIF('Test Case Detail'!$C$3:$C$46,A13) -> 1 | C13: =IFERROR(__xludf.DUMMYFUNCTION("IFERROR(TEXTJOIN("", "",TRUE,UNIQUE(FILTER('Test Case Detail'!$A$3:$A$46,'Test Case Detail'!$C$3:$C$46=A13))),"""")"),"Audience") -> Audience | D13: =IF(B13>=0.6*MAX($B$3:$B$22),"Core",IF(B13>=0.3*MAX($B$3:$B$22),"Standard","Supplemental")) -> Supplemental
A14: Preview | B14: =COUNTIF('Test Case Detail'!$C$3:$C$46,A14) -> 1 | C14: =IFERROR(__xludf.DUMMYFUNCTION("IFERROR(TEXTJOIN("", "",TRUE,UNIQUE(FILTER('Test Case Detail'!$A$3:$A$46,'Test Case Detail'!$C$3:$C$46=A14))),"""")"),"Audience") -> Audience | D14: =IF(B14>=0.6*MAX($B$3:$B$22),"Core",IF(B14>=0.3*MAX($B$3:$B$22),"Standard","Supplemental")) -> Supplemental
A15: Edit | B15: =COUNTIF('Test Case Detail'!$C$3:$C$46,A15) -> 1 | C15: =IFERROR(__xludf.DUMMYFUNCTION("IFERROR(TEXTJOIN("", "",TRUE,UNIQUE(FILTER('Test Case Detail'!$A$3:$A$46,'Test Case Detail'!$C$3:$C$46=A15))),"""")"),"Campaign") -> Campaign | D15: =IF(B15>=0.6*MAX($B$3:$B$22),"Core",IF(B15>=0.3*MAX($B$3:$B$22),"Standard","Supplemental")) -> Supplemental
A16: Campaign Goal | B16: =COUNTIF('Test Case Detail'!$C$3:$C$46,A16) -> 1 | C16: =IFERROR(__xludf.DUMMYFUNCTION("IFERROR(TEXTJOIN("", "",TRUE,UNIQUE(FILTER('Test Case Detail'!$A$3:$A$46,'Test Case Detail'!$C$3:$C$46=A16))),"""")"),"Campaign") -> Campaign | D16: =IF(B16>=0.6*MAX($B$3:$B$22),"Core",IF(B16>=0.3*MAX($B$3:$B$22),"Standard","Supplemental")) -> Supplemental
A17: Audience Selection | B17: =COUNTIF('Test Case Detail'!$C$3:$C$46,A17) -> 1 | C17: =IFERROR(__xludf.DUMMYFUNCTION("IFERROR(TEXTJOIN("", "",TRUE,UNIQUE(FILTER('Test Case Detail'!$A$3:$A$46,'Test Case Detail'!$C$3:$C$46=A17))),"""")"),"Campaign") -> Campaign | D17: =IF(B17>=0.6*MAX($B$3:$B$22),"Core",IF(B17>=0.3*MAX($B$3:$B$22),"Standard","Supplemental")) -> Supplemental
A18: Campaign Trigger | B18: =COUNTIF('Test Case Detail'!$C$3:$C$46,A18) -> 1 | C18: =IFERROR(__xludf.DUMMYFUNCTION("IFERROR(TEXTJOIN("", "",TRUE,UNIQUE(FILTER('Test Case Detail'!$A$3:$A$46,'Test Case Detail'!$C$3:$C$46=A18))),"""")"),"Campaign") -> Campaign | D18: =IF(B18>=0.6*MAX($B$3:$B$22),"Core",IF(B18>=0.3*MAX($B$3:$B$22),"Standard","Supplemental")) -> Supplemental
A19: Pagination | B19: =COUNTIF('Test Case Detail'!$C$3:$C$46,A19) -> 1 | C19: =IFERROR(__xludf.DUMMYFUNCTION("IFERROR(TEXTJOIN("", "",TRUE,UNIQUE(FILTER('Test Case Detail'!$A$3:$A$46,'Test Case Detail'!$C$3:$C$46=A19))),"""")"),"Campaign") -> Campaign | D19: =IF(B19>=0.6*MAX($B$3:$B$22),"Core",IF(B19>=0.3*MAX($B$3:$B$22),"Standard","Supplemental")) -> Supplemental
A20: Search | B20: =COUNTIF('Test Case Detail'!$C$3:$C$46,A20) -> 1 | C20: =IFERROR(__xludf.DUMMYFUNCTION("IFERROR(TEXTJOIN("", "",TRUE,UNIQUE(FILTER('Test Case Detail'!$A$3:$A$46,'Test Case Detail'!$C$3:$C$46=A20))),"""")"),"Campaign") -> Campaign | D20: =IF(B20>=0.6*MAX($B$3:$B$22),"Core",IF(B20>=0.3*MAX($B$3:$B$22),"Standard","Supplemental")) -> Supplemental
A21: History Log | B21: =COUNTIF('Test Case Detail'!$C$3:$C$46,A21) -> 1 | C21: =IFERROR(__xludf.DUMMYFUNCTION("IFERROR(TEXTJOIN("", "",TRUE,UNIQUE(FILTER('Test Case Detail'!$A$3:$A$46,'Test Case Detail'!$C$3:$C$46=A21))),"""")"),"Campaign") -> Campaign | D21: =IF(B21>=0.6*MAX($B$3:$B$22),"Core",IF(B21>=0.3*MAX($B$3:$B$22),"Standard","Supplemental")) -> Supplemental
A22: Reporting | B22: =COUNTIF('Test Case Detail'!$C$3:$C$46,A22) -> 1 | C22: =IFERROR(__xludf.DUMMYFUNCTION("IFERROR(TEXTJOIN("", "",TRUE,UNIQUE(FILTER('Test Case Detail'!$A$3:$A$46,'Test Case Detail'!$C$3:$C$46=A22))),"""")"),"Campaign") -> Campaign | D22: =IF(B22>=0.6*MAX($B$3:$B$22),"Core",IF(B22>=0.3*MAX($B$3:$B$22),"Standard","Supplemental")) -> Supplemental

Sheet Legend & Help
B1: Legend, Color Codes & How-To Guide
B3: Module Color Codes
B4: Audience | C4: Module: Audience - background color used across all tabs
B5: Campaign | C5: Module: Campaign - background color used across all tabs
B6: Dashboard | C6: Module: Dashboard - background color used across all tabs
B7: Settings | C7: Module: Settings - background color used across all tabs
B8: Workflow | C8: Module: Workflow - background color used across all tabs
B10: Automation Status Badges
B11: Automated | C11: Test case is implemented, executed, and working fine
B12: Needs Review | C12: Automation exists or is planned, but requires review before marking complete
B13: Blocked | C13: Automation is blocked by dependency, environment issue, or defect
B15: Priority Levels
B16: High Priority | C16: Critical path - core business flows; must pass every release
B17: Medium Priority | C17: Important but not release-blocking; run on regression cycles
B19: Coverage Tier
B20: Core | C20: High-frequency area; critical coverage
B21: Standard | C21: Moderate-frequency area
B22: Supplemental | C22: Lower-frequency area or edge-case coverage
B24: How to Update This Sheet
B25: Changing Status | C25: Update the Status column in Test Case Detail. Dashboard counts update automatically through formulas.
B26: Dashboard counts | C26: Formula-driven summary based on Test Case Detail.
B27: Auto-filter | C27: Use the dropdown arrows in row 2 of Test Case Detail to filter by Module, Priority, Status, or Core Area.
B28: Auto-filter | C28: Use the dropdown arrows in row 2 of the Detail tab to filter by Module, Priority, Status, or Core Area.
B30: 📌 Project Info
B31: Project | C31: OptiKPI V2.0 — Customer Engagement Platform
B32: Test Framework | C32: Playwright + Cucumber.js (TypeScript) — BDD Regression Suite
B33: Modules | C33: Audience | Campaign | Dashboard | Settings | Workflow
B34: Generated | C34: 01 July 2026 — auto-generated from automation-coverage-core.csv
